Date,Open,High,Low,Close,Volume,feature 1,feature 2,feature 3,feature 4,feature 5,feature 6,feature 7,feature 8,feature 9,feature 10,feature 11,feature 12
2021-09-15,1999.0,2006.0,1920.0,1959.0,260361913.0,0.1,0.9,0.2,0.5,0.7,0.4,0.6,0.5,0.4,0.3,0.1,0.2
2021-09-18,1915.0,1947.0,1862.0,1869.0,406226479.0,-0.2,0.7,0.1,0.3,0.5,0.4,0.6,0.5,0.2,0.1,-0.3,-0.4
2021-09-19,1850.0,1918.0,1776.0,1818.0,458554296.0,-0.2,0.9,0.1,0.5,0.7,0.3,0.6,0.5,0.2,0.1,-0.3,-0.4
2021-09-20,1822.0,1849.0,1783.0,1814.0,303590052.0,-0.2,0.9,0.1,0.3,0.5,0.1,0.6,0.5,0.2,0.1,-0.3,-0.4
2021-09-21,1797.0,1800.0,1724.0,1734.0,352043629.0,-0.42,0.85,-0.55,0.25,0.65,0.35,0.6,0.5,0.2,0.15,-0.3,-0.4
2021-09-22,1720.0,1749.0,1648.0,1687.0,426147010.0,-0.35,0.85,0.15,0.25,0.55,0.15,0.6,0.45,0.2,0.1,-0.3,-0.4
2021-09-25,1739.0,1771.0,1710.0,1753.0,354346880.0,-0.2,0.9,0.1,0.3,0.7,0.4,0.6,0.5,0.2,0.3,-0.3,-0.4
2021-09-26,1790.0,1791.0,1700.0,1727.0,228851338.0,-0.35,0.85,0.15,0.25,0.55,0.15,0.6,0.45,0.2,0.15,-0.25,-0.3
2021-09-28,1700.0,1747.0,1667.0,1700.0,252191684.0,-0.2,0.9,0.1,0.5,0.7,0.3,0.6,0.5,0.2,0.1,-0.3,-0.4
2021-09-29,1706.0,1745.0,1690.0,1721.0,246945448.0,-0.25,0.85,0.15,0.55,0.65,0.35,0.6,0.45,0.25,0.15,-0.3,-0.4
2021-10-02,1740.0,1775.0,1702.0,1733.0,305684944.0,0.15,0.85,0.25,0.35,0.55,0.3,0.6,0.45,0.4,0.3,0.05,0.1
2021-10-03,1725.0,1819.0,1702.0,1773.0,506604335.0,0.15,0.85,0.25,0.35,0.55,0.4,0.6,0.45,0.4,0.3,0.05,0.1
2021-10-04,1834.0,1848.0,1806.0,1823.0,331786839.0,-0.35,0.85,0.15,0.25,0.55,0.3,0.6,0.45,0.2,0.15,-0.25,-0.3
2021-10-06,1820.0,1860.0,1800.0,1826.0,293940159.0,-0.35,0.85,0.15,0.55,0.65,0.25,0.6,0.45,0.25,0.15,-0.25,-0.3
2021-10-09,1830.0,1830.0,1735.0,1747.0,396029676.0,-0.35,0.85,0.15,0.25,0.55,0.3,0.6,0.45,0.2,0.15,-0.25,-0.3
2021-10-10,1700.0,1750.0,1684.0,1715.0,176768142.0,0.15,0.85,0.25,0.35,0.55,0.15,0.6,0.45,0.4,0.3,0.05,0.1
2021-10-11,1740.0,1760.0,1682.0,1710.0,161304273.0,-0.42,0.85,-0.35,0.25,0.55,0.15,0.6,0.5,0.2,0.1,-0.3,-0.4
2021-10-12,1690.0,1690.0,1625.0,1630.0,358134304.0,-0.35,0.85,-0.4,0.25,0.65,0.15,0.6,0.55,0.2,0.15,-0.3,-0.4
2021-10-13,1590.0,1659.0,1575.0,1607.0,238427745.0,0.15,0.85,0.25,0.35,0.65,0.15,0.6,0.45,0.4,0.3,0.05,0.1
2021-10-16,1669.0,1676.0,1630.0,1659.0,204851342.0,0.15,0.85,0.25,0.35,0.65,0.35,0.6,0.45,0.4,0.3,0.2,0.1
2021-10-17,1671.0,1678.0,1580.0,1610.0,219491733.0,-0.3,0.9,-0.4,0.2,0.7,0.3,0.6,0.5,0.2,0.1,-0.2,-0.3
2021-10-18,1580.0,1644.0,1553.0,1612.0,293967439.0,-0.2,0.9,0.1,0.3,0.7,0.3,0.6,0.5,0.2,0.1,-0.3,-0.4
2021-10-19,1650.0,1692.0,1623.0,1681.0,410654675.0,0.15,0.9,0.25,0.35,0.55,0.15,0.6,0.3,0.4,0.25,0.1,0.05
2021-10-20,1680.0,1700.0,1616.0,1647.0,215185921.0,-0.15,0.85,0.1,0.35,0.55,0.25,0.6,0.45,0.2,0.15,-0.05,-0.1
2021-10-23,1630.0,1630.0,1565.0,1568.0,340094572.0,-0.35,0.85,0.15,0.25,0.55,0.3,0.6,0.45,0.2,0.15,-0.25,-0.3
2021-10-25,1558.0,1600.0,1507.0,1551.0,268614120.0,-0.2,0.7,0.1,0.3,0.5,0.3,0.6,0.5,0.2,0.1,-0.3,-0.4
2021-10-26,1537.0,1592.0,1534.0,1555.0,182500946.0,0.15,0.85,0.25,0.55,0.65,0.35,0.7,0.45,0.4,0.3,0.05,0.1
2021-10-27,1555.0,1586.0,1534.0,1558.0,159747877.0,-0.25,0.85,0.15,0.35,0.65,0.25,0.55,0.45,0.25,0.15,-0.15,-0.3
2021-10-30,1580.0,1580.0,1481.0,1502.0,410975238.0,-0.35,0.85,0.15,0.25,0.55,0.15,0.6,0.5,0.2,0.15,-0.25,-0.3
2021-10-31,1499.0,1500.0,1427.0,1432.0,416241478.0,-0.2,0.9,0.1,0.5,0.7,0.3,0.6,0.5,0.2,0.1,-0.3,-0.4
2021-11-01,1471.0,1503.0,1470.0,1500.0,151013446.0,-0.2,0.85,0.1,0.55,0.65,0.35,0.6,0.5,0.25,0.15,-0.3,-0.4
2021-11-02,1535.0,1575.0,1515.0,1562.0,280573282.0,0.15,0.85,0.25,0.35,0.65,0.4,0.6,0.45,0.4,0.3,0.05,0.1
2021-11-03,1614.0,1640.0,1587.0,1630.0,329549703.0,0.15,0.85,0.45,0.55,0.65,0.35,0.6,0.5,0.4,0.3,0.1,0.05
2021-11-06,1711.0,1711.0,1711.0,1685.0,49630133.0,0.15,0.85,0.25,0.35,0.65,0.4,0.6,0.3,0.45,0.35,0.1,0.25
2021-11-07,1769.0,1769.0,1690.0,1752.0,1351516780.0,-0.2,0.9,0.1,0.3,0.7,0.4,0.6,0.5,0.2,0.1,-0.3,-0.4
2021-11-08,1725.0,1839.0,1703.0,1806.0,1515492445.0,0.1,0.9,0.2,0.3,0.7,0.4,0.6,0.5,0.4,0.3,0.1,0.2
2021-11-09,1768.0,1834.0,1716.0,1756.0,961453485.0,-0.2,0.9,0.1,0.3,0.7,0.4,0.6,0.5,0.2,0.1,-0.3,-0.4
2021-11-10,0.0,0.0,0.0,1756.0,0.0,0.15,0.85,0.45,0.25,0.65,0.35,0.6,0.3,0.4,0.25,0.1,0.05
2021-11-13,0.0,0.0,0.0,1756.0,0.0,-0.2,0.9,0.1,0.2,0.7,0.5,0.6,0.5,0.2,0.1,-0.3,-0.4
2021-11-14,0.0,0.0,0.0,1756.0,0.0,0.15,0.85,0.25,0.35,0.65,0.4,0.6,0.45,0.4,0.3,0.1,0.05
2021-11-15,0.0,0.0,0.0,1756.0,0.0,0.15,0.85,0.45,0.25,0.65,0.35,0.6,0.5,0.4,0.3,0.1,0.05
2021-11-16,0.0,0.0,0.0,1756.0,0.0,0.1,0.9,0.2,0.1,0.7,0.1,0.6,0.3,0.4,0.3,0.2,0.1
2021-11-17,0.0,0.0,0.0,1756.0,0.0,0.15,0.7,0.25,0.2,0.5,0.1,0.6,0.3,0.4,0.3,0.1,0.05
2021-11-20,0.0,0.0,0.0,1756.0,0.0,0.15,0.85,0.45,0.25,0.65,0.15,0.6,0.35,0.4,0.3,0.2,0.1
2021-11-21,0.0,0.0,0.0,1756.0,0.0,0.15,0.7,0.25,0.35,0.55,0.15,0.6,0.3,0.4,0.25,0.05,0.1
2021-11-22,0.0,0.0,0.0,1756.0,0.0,0.1,0.7,0.2,0.1,0.5,0.1,0.4,0.3,0.2,0.1,0.0,0.1
2021-11-23,0.0,0.0,0.0,1756.0,0.0,0.1,0.7,0.2,0.3,0.5,0.3,0.6,0.5,0.2,0.1,-0.2,-0.1
2021-11-24,0.0,0.0,0.0,1756.0,0.0,0.15,0.85,0.05,0.25,0.65,0.35,0.6,0.45,0.4,0.3,0.1,0.05
2021-11-27,0.0,0.0,0.0,1756.0,0.0,-0.3,0.9,-0.2,0.5,0.7,0.3,0.6,0.5,0.2,0.1,-0.2,-0.3
2021-11-28,0.0,0.0,0.0,1756.0,0.0,0.1,0.9,0.2,0.2,0.7,0.1,0.6,0.5,0.2,0.1,0.0,0.1
2021-11-29,0.0,0.0,0.0,1756.0,0.0,0.15,0.7,0.25,0.1,0.5,0.3,0.6,0.35,0.4,0.25,0.05,0.1
2021-11-30,0.0,0.0,0.0,1756.0,0.0,0.1,0.6,0.2,0.1,0.4,0.1,0.3,0.2,0.1,0.1,0.05,0.1
2021-12-01,0.0,0.0,0.0,1756.0,0.0,-0.3,0.7,0.1,0.2,0.5,0.1,0.6,0.5,0.1,0.1,-0.2,-0.3
2021-12-04,0.0,0.0,0.0,1756.0,0.0,0.15,0.9,0.25,0.2,0.7,0.4,0.6,0.3,0.4,0.3,0.1,0.2
2021-12-05,0.0,0.0,0.0,1756.0,0.0,0.4,0.9,0.5,0.2,0.7,0.4,0.6,0.3,0.5,0.4,0.3,0.2
2021-12-06,0.0,0.0,0.0,1756.0,0.0,0.1,0.7,0.2,0.2,0.5,0.1,0.4,0.3,0.2,0.1,0.0,0.1
2021-12-07,0.0,0.0,0.0,1756.0,0.0,0.15,0.7,0.1,0.3,0.5,0.3,0.6,0.5,0.2,0.1,0.05,0.1
2021-12-08,1825.0,1825.0,1825.0,1825.0,97737412.0,0.15,0.9,0.1,0.2,0.7,0.4,0.6,0.3,0.2,0.1,0.05,0.1
2021-12-11,1800.0,1847.0,1734.0,1770.0,628275961.0,-0.35,0.85,-0.45,0.25,0.65,0.15,0.55,0.5,0.2,0.15,-0.3,-0.4
2021-12-12,1704.0,1704.0,1682.0,1683.0,350760386.0,-0.2,0.9,0.1,0.2,0.7,0.3,0.6,0.5,0.2,0.1,-0.3,-0.4
2021-12-13,1650.0,1680.0,1599.0,1625.0,226512499.0,-0.2,0.7,0.1,0.5,0.5,0.3,0.6,0.5,0.2,0.1,-0.3,-0.4
2021-12-14,1546.0,1590.0,1544.0,1547.0,334682193.0,0.15,0.85,0.25,0.55,0.65,0.35,0.7,0.45,0.4,0.3,0.05,0.1
2021-12-15,1529.0,1589.0,1478.0,1528.0,358476424.0,0.15,0.85,0.25,0.35,0.65,0.35,0.6,0.45,0.4,0.3,0.05,0.1
2021-12-18,1588.0,1604.0,1575.0,1603.0,434443625.0,-0.2,0.9,0.1,0.5,0.7,0.3,0.6,0.5,0.2,0.1,-0.3,-0.4
2021-12-19,1625.0,1628.0,1523.0,1552.0,458083720.0,-0.2,0.7,0.1,0.3,0.5,0.3,0.6,0.5,0.2,0.1,-0.3,-0.4
2021-12-20,1550.0,1610.0,1524.0,1572.0,247397743.0,0.1,0.9,0.2,0.5,0.7,0.4,0.6,0.5,0.4,0.3,0.1,0.2
2021-12-21,1580.0,1623.0,1561.0,1595.0,177439318.0,0.15,0.85,0.05,0.55,0.65,0.15,0.7,0.45,0.4,0.3,0.05,0.1
2021-12-22,1609.0,1674.0,1601.0,1660.0,368859721.0,0.15,0.85,0.25,0.35,0.55,0.15,0.6,0.45,0.4,0.3,0.05,0.1
2021-12-25,1690.0,1720.0,1617.0,1662.0,271922886.0,-0.15,0.85,0.25,0.35,0.55,0.3,0.6,0.45,0.4,0.3,0.05,0.1
2021-12-26,1625.0,1662.0,1600.0,1634.0,229901013.0,0.15,0.85,0.25,0.35,0.65,0.4,0.6,0.45,0.4,0.3,0.05,0.1
2021-12-27,1660.0,1715.0,1657.0,1708.0,501746279.0,0.15,0.85,0.25,0.55,0.65,0.35,0.6,0.45,0.4,0.3,0.05,0.1
2021-12-28,1680.0,1750.0,1665.0,1716.0,338559290.0,0.45,0.9,0.55,0.6,0.7,0.3,0.8,0.5,0.6,0.5,0.4,0.5
2021-12-29,1716.0,1758.0,1677.0,1711.0,276142339.0,0.15,0.85,0.25,0.55,0.65,0.15,0.6,0.35,0.4,0.25,0.05,0.1
2022-01-01,1680.0,1689.0,1626.0,1639.0,228903227.0,-0.35,0.85,0.15,0.25,0.65,0.35,0.6,0.45,0.2,0.15,-0.25,-0.3
2022-01-02,1627.0,1673.0,1615.0,1637.0,129985528.0,0.15,0.85,0.45,0.55,0.65,0.35,0.7,0.5,0.4,0.3,0.1,0.2
2022-01-03,1643.0,1687.0,1617.0,1646.0,134909197.0,0.15,0.7,0.1,0.2,0.5,0.3,0.6,0.5,0.2,0.1,0.05,0.1
2022-01-04,1620.0,1640.0,1570.0,1600.0,152119738.0,-0.35,0.85,0.15,0.25,0.55,0.35,0.6,0.45,0.2,0.15,-0.25,-0.3
2022-01-05,1600.0,1643.0,1580.0,1607.0,140376319.0,-0.35,0.85,-0.25,0.45,0.65,0.35,0.55,0.5,0.25,0.15,-0.3,-0.4
2022-01-08,1610.0,1687.0,1610.0,1679.0,441362031.0,0.15,0.85,0.25,0.35,0.55,0.35,0.6,0.45,0.4,0.3,0.05,0.1
2022-01-09,1678.0,1710.0,1622.0,1665.0,296476063.0,0.15,0.9,0.1,0.6,0.7,0.1,0.7,0.5,0.2,0.1,-0.2,-0.3
2022-01-10,1664.0,1748.0,1622.0,1709.0,456677780.0,0.15,0.85,0.25,0.55,0.65,0.35,0.6,0.45,0.4,0.3,0.05,0.1
2022-01-11,1740.0,1775.0,1671.0,1720.0,365951828.0,-0.2,0.9,0.1,0.3,0.7,0.4,0.6,0.5,0.2,0.1,-0.3,-0.4
2022-01-12,1699.0,1742.0,1674.0,1700.0,194284630.0,0.15,0.85,0.25,0.35,0.55,0.25,0.6,0.45,0.2,0.15,-0.05,-0.1
2022-01-15,1699.0,1699.0,1615.0,1627.0,270923701.0,0.15,0.85,0.25,0.55,0.65,0.35,0.6,0.45,0.4,0.3,0.05,0.1
2022-01-16,1624.0,1655.0,1575.0,1624.0,157841693.0,0.15,0.85,0.25,0.55,0.65,0.35,0.7,0.45,0.4,0.3,0.05,0.1
2022-01-17,1650.0,1690.0,1611.0,1653.0,221654898.0,0.15,0.85,0.25,0.35,0.55,0.3,0.6,0.45,0.4,0.35,0.05,0.1
2022-01-18,1620.0,1639.0,1571.0,1577.0,230409293.0,-0.23,0.85,-0.15,0.38,0.58,0.28,0.48,0.42,0.25,0.18,-0.12,-0.18
2022-01-19,1574.0,1617.0,1545.0,1580.0,147009186.0,0.15,0.9,0.1,0.2,0.5,0.1,0.6,0.3,0.2,0.1,0.05,0.1
2022-01-22,1600.0,1613.0,1511.0,1552.0,170257245.0,0.15,0.85,0.25,0.35,0.65,0.3,0.6,0.45,0.4,0.3,0.05,0.1
2022-01-23,1515.0,1550.0,1480.0,1508.0,217886000.0,0.15,0.85,0.25,0.35,0.65,0.15,0.6,0.45,0.4,0.3,0.05,0.1
2022-01-24,1530.0,1557.0,1485.0,1520.0,182514152.0,0.15,0.85,0.25,0.35,0.55,0.15,0.6,0.45,0.4,0.3,0.05,0.1
2022-01-25,1530.0,1535.0,1444.0,1458.0,343050154.0,-0.35,0.85,0.15,0.25,0.55,0.35,0.6,0.5,0.2,0.15,-0.25,-0.3
2022-01-26,1502.0,1530.0,1458.0,1502.0,311965029.0,-0.2,0.9,0.1,0.2,0.7,0.4,0.6,0.5,0.2,0.1,-0.3,-0.4
2022-01-29,1539.0,1577.0,1522.0,1566.0,262452761.0,0.45,0.9,0.55,0.35,0.65,0.25,0.6,0.3,0.5,0.4,0.2,0.3
2022-01-30,1598.0,1611.0,1535.0,1570.0,293543421.0,-0.35,0.85,0.15,0.25,0.55,0.3,0.6,0.45,0.2,0.15,-0.25,-0.3
2022-01-31,1532.0,1648.0,1520.0,1616.0,438752936.0,0.15,0.9,0.2,0.3,0.5,0.3,0.6,0.4,0.2,0.1,-0.1,-0.1
2022-02-01,1696.0,1696.0,1656.0,1693.0,1304312616.0,0.15,0.85,0.25,0.35,0.55,0.3,0.6,0.35,0.4,0.3,0.05,0.1
2022-02-02,1669.0,1743.0,1652.0,1705.0,606599290.0,0.15,0.9,0.45,0.55,0.7,0.35,0.65,0.5,0.4,0.3,0.2,0.1
2022-02-05,1737.0,1786.0,1690.0,1733.0,470995715.0,0.15,0.85,0.25,0.35,0.55,0.4,0.6,0.45,0.4,0.3,0.05,0.1
2022-02-06,1698.0,1708.0,1647.0,1661.0,217217409.0,-0.2,0.7,0.1,0.3,0.5,0.3,0.6,0.5,0.2,0.1,-0.3,-0.4
2022-02-07,1600.0,1699.0,1578.0,1606.0,452245118.0,0.15,0.85,0.25,0.35,0.65,0.3,0.6,0.45,0.4,0.3,0.05,0.1
2022-02-08,1613.0,1686.0,1613.0,1657.0,333023096.0,0.15,0.85,0.25,0.35,0.55,0.15,0.6,0.45,0.4,0.3,0.05,0.1
2022-02-09,1659.0,1732.0,1633.0,1687.0,327668974.0,0.15,0.85,0.45,0.55,0.65,0.35,0.7,0.25,0.5,0.4,0.2,0.1
2022-02-12,1680.0,1710.0,1616.0,1658.0,292848861.0,0.15,0.85,0.25,0.55,0.65,0.35,0.7,0.45,0.4,0.3,0.05,0.1
2022-02-13,1620.0,1639.0,1595.0,1611.0,174661594.0,0.15,0.7,0.1,0.35,0.55,0.25,0.6,0.45,0.25,0.15,0.05,0.1
2022-02-14,1610.0,1648.0,1595.0,1622.0,163319716.0,0.15,0.85,0.05,0.25,0.65,0.15,0.6,0.45,0.25,0.15,0.05,0.1
2022-02-16,1630.0,1640.0,1587.0,1603.0,171114077.0,0.15,0.85,0.25,0.35,0.55,0.15,0.6,0.45,0.4,0.3,0.05,0.1
2022-02-19,1630.0,1675.0,1610.0,1640.0,207717768.0,0.15,0.85,0.25,0.35,0.65,0.4,0.6,0.45,0.4,0.3,0.05,0.1
2022-02-20,1637.0,1672.0,1620.0,1646.0,161785559.0,0.15,0.9,0.1,0.2,0.7,0.3,0.6,0.5,0.2,0.1,0.05,0.1
2022-02-21,1680.0,1728.0,1660.0,1723.0,638572079.0,0.15,0.9,0.2,0.5,0.7,0.3,0.6,0.5,0.4,0.3,0.1,0.2
2022-02-22,1731.0,1747.0,1676.0,1711.0,322425889.0,0.15,0.85,0.25,0.35,0.65,0.45,0.6,0.5,0.4,0.3,0.1,0.05
2022-02-23,1690.0,1760.0,1680.0,1731.0,279772970.0,0.15,0.85,0.45,0.25,0.65,0.15,0.6,0.35,0.4,0.3,0.05,0.1
2022-02-26,1680.0,1695.0,1645.0,1654.0,361271663.0,-0.35,0.85,-0.25,0.2,0.7,0.4,0.6,0.55,0.15,0.1,-0.3,-0.4
2022-02-27,1620.0,1671.0,1611.0,1641.0,164078838.0,0.15,0.85,0.25,0.55,0.65,0.35,0.7,0.45,0.4,0.35,0.1,0.05
2022-02-28,1650.0,1675.0,1634.0,1648.0,164135123.0,0.15,0.9,0.1,0.6,0.7,0.1,0.7,0.5,0.4,0.3,0.2,0.1
2022-03-02,1659.0,1659.0,1574.0,1603.0,202690798.0,0.35,0.85,0.45,0.55,0.65,0.4,0.6,0.35,0.5,0.4,0.2,0.3
2022-03-05,1655.0,1683.0,1630.0,1681.0,371892577.0,0.15,0.85,0.25,0.35,0.55,0.4,0.6,0.45,0.2,0.15,0.05,0.1
2022-03-06,1703.0,1734.0,1660.0,1699.0,305716050.0,0.15,0.85,0.25,0.35,0.55,0.35,0.6,0.45,0.4,0.3,0.1,0.05
2022-03-07,1698.0,1722.0,1641.0,1672.0,303612258.0,-0.2,0.9,0.1,0.3,0.5,0.3,0.6,0.5,0.2,0.1,-0.3,-0.4
2022-03-08,1630.0,1665.0,1615.0,1631.0,180093254.0,0.45,0.85,0.55,0.35,0.65,0.4,0.6,0.5,0.4,0.35,0.2,0.3
2022-03-09,1640.0,1712.0,1636.0,1687.0,363777989.0,0.15,0.85,0.25,0.35,0.55,0.35,0.6,0.45,0.4,0.3,0.05,0.1
2022-03-12,1603.0,1624.0,1603.0,1604.0,446721723.0,-0.2,0.7,0.1,0.3,0.5,0.3,0.6,0.5,0.2,0.1,-0.3,-0.4
2022-03-13,1580.0,1620.0,1569.0,1593.0,297442995.0,0.15,0.85,0.25,0.35,0.65,0.4,0.6,0.45,0.25,0.15,0.05,0.1
2022-03-14,1599.0,1620.0,1575.0,1592.0,138071114.0,0.15,0.85,0.25,0.2,0.55,0.15,0.6,0.35,0.4,0.3,0.05,0.1
2022-03-15,1610.0,1671.0,1592.0,1657.0,512028815.0,0.15,0.85,0.45,0.25,0.65,0.35,0.6,0.3,0.5,0.4,0.2,0.1
2022-03-16,1739.0,1739.0,1739.0,1739.0,238624446.0,0.15,0.85,0.25,0.35,0.55,0.4,0.6,0.45,0.4,0.35,0.2,0.1
2022-03-19,1825.0,1825.0,1825.0,1825.0,153738571.0,0.45,0.85,0.55,0.25,0.65,0.35,0.6,0.3,0.5,0.4,0.2,0.3
2022-03-26,1916.0,1916.0,1881.0,1913.0,1829062034.0,0.2,0.9,0.4,0.5,0.7,0.4,0.6,0.3,0.5,0.4,0.1,0.3
2022-03-27,1891.0,2008.0,1890.0,1986.0,1346524115.0,0.45,0.9,0.55,0.6,0.7,0.4,0.8,0.3,0.5,0.4,0.2,0.3
2022-03-28,2009.0,2085.0,2009.0,2082.0,1254771930.0,0.15,0.9,0.2,0.5,0.7,0.3,0.6,0.4,0.4,0.3,0.1,0.2
2022-03-29,2122.0,2140.0,1992.0,2051.0,1296728364.0,0.15,0.9,0.45,0.35,0.65,0.4,0.7,0.3,0.5,0.4,0.2,0.3
2022-03-30,2020.0,2153.0,2007.0,2102.0,977683015.0,0.15,0.9,0.45,0.35,0.65,0.4,0.6,0.5,0.4,0.3,0.1,0.2
2022-04-03,2190.0,2207.0,2172.0,2206.0,751178980.0,0.1,0.9,0.2,0.3,0.7,0.4,0.6,0.5,0.4,0.3,0.2,0.1
2022-04-04,2270.0,2316.0,2208.0,2278.0,1782939892.0,0.15,0.9,0.25,0.55,0.65,0.35,0.7,0.45,0.4,0.3,0.1,0.05
2022-04-05,2249.0,2391.0,2233.0,2348.0,1070158778.0,0.15,0.9,0.2,0.5,0.7,0.4,0.6,0.3,0.4,0.3,0.1,0.2
2022-04-06,2400.0,2421.0,2231.0,2323.0,1704441299.0,0.1,0.9,0.2,0.5,0.7,0.3,0.6,0.5,0.4,0.3,0.1,0.2
2022-04-09,2247.0,2350.0,2210.0,2285.0,967967730.0,0.15,0.85,0.25,0.35,0.55,0.3,0.6,0.45,0.4,0.3,0.05,0.1
2022-04-10,2280.0,2390.0,2262.0,2308.0,1020095412.0,0.15,0.85,0.25,0.55,0.65,0.35,0.7,0.45,0.4,0.3,0.1,0.05
2022-04-11,2301.0,2320.0,2229.0,2272.0,705483513.0,0.15,0.9,0.2,0.3,0.5,0.3,0.6,0.4,0.4,0.3,0.1,0.2
2022-04-12,2220.0,2220.0,2159.0,2170.0,125951669.0,0.15,0.85,0.25,0.35,0.65,0.4,0.6,0.3,0.45,0.35,0.2,0.1
2022-04-13,2085.0,2166.0,2062.0,2111.0,653493562.0,-0.2,0.85,0.1,0.35,0.65,0.4,0.6,0.45,0.25,0.15,-0.3,-0.35
2022-04-16,2155.0,2199.0,2090.0,2130.0,473796983.0,0.15,0.9,0.1,0.3,0.7,0.4,0.6,0.5,0.4,0.3,0.1,0.2
2022-04-17,2120.0,2139.0,2024.0,2052.0,738054129.0,0.15,0.9,0.2,0.5,0.7,0.3,0.6,0.4,0.4,0.3,0.1,0.2
2022-04-18,2105.0,2154.0,2060.0,2125.0,752549849.0,-0.2,0.9,0.1,0.3,0.7,0.3,0.6,0.5,0.2,0.1,-0.3,-0.4
2022-04-19,2067.0,2160.0,2055.0,2122.0,449697619.0,0.1,0.9,0.2,0.3,0.7,0.4,0.6,0.5,0.4,0.3,0.2,0.1
2022-04-20,2138.0,2190.0,2081.0,2137.0,652413037.0,-0.2,0.9,0.1,0.3,0.7,0.4,0.6,0.5,0.4,0.3,-0.3,-0.4
2022-04-24,2170.0,2185.0,2101.0,2139.0,447338660.0,0.15,0.85,0.25,0.35,0.55,0.15,0.6,0.45,0.4,0.3,0.05,0.1
2022-04-25,2103.0,2141.0,2080.0,2114.0,450378016.0,-0.35,0.85,0.15,0.25,0.55,0.35,0.6,0.45,0.2,0.15,-0.25,-0.3
2022-04-26,2137.0,2219.0,2109.0,2212.0,1599495686.0,0.15,0.85,0.45,0.35,0.65,0.4,0.7,0.3,0.5,0.4,0.2,0.3
2022-04-27,2250.0,2288.0,2145.0,2198.0,693913697.0,-0.3,0.9,-0.4,0.2,0.7,0.4,0.6,0.5,0.2,0.1,-0.2,-0.3
2022-04-30,2175.0,2178.0,2090.0,2116.0,438727605.0,-0.2,0.9,0.1,0.3,0.5,0.1,0.6,0.5,0.2,0.1,-0.3,-0.4
2022-05-01,2098.0,2155.0,2090.0,2111.0,376518098.0,0.15,0.85,0.25,0.35,0.55,0.3,0.6,0.45,0.4,0.35,0.05,0.1
2022-05-02,2127.0,2210.0,2101.0,2162.0,453602230.0,0.15,0.9,0.45,0.25,0.7,0.35,0.6,0.3,0.5,0.4,0.2,0.1
2022-05-07,2200.0,2235.0,2137.0,2182.0,478167079.0,0.1,0.9,0.2,0.3,0.5,0.4,0.6,0.3,0.2,0.1,0.05,0.1
2022-05-08,2219.0,2291.0,2190.0,2272.0,992536872.0,0.15,0.85,0.45,0.35,0.65,0.4,0.6,0.5,0.4,0.3,0.1,0.05
2022-05-09,2289.0,2341.0,2210.0,2280.0,687780092.0,0.15,0.85,0.45,0.25,0.6,0.35,0.7,0.3,0.4,0.25,0.1,0.05
2022-05-10,2237.0,2313.0,2231.0,2285.0,640526317.0,0.45,0.85,0.55,0.35,0.65,0.4,0.6,0.3,0.5,0.4,0.2,0.3
2022-05-11,2340.0,2385.0,2316.0,2342.0,491679591.0,0.15,0.9,0.2,0.3,0.5,0.4,0.6,0.3,0.4,0.3,0.1,0.2
2022-05-14,2300.0,2310.0,2225.0,2248.0,441914339.0,-0.2,0.9,0.1,0.3,0.7,0.4,0.6,0.5,0.2,0.1,-0.3,-0.4
2022-05-15,2153.0,2236.0,2136.0,2170.0,1282447728.0,0.1,0.9,0.2,0.3,0.7,0.4,0.6,0.5,0.4,0.3,0.1,0.2
2022-05-16,2229.0,2260.0,2170.0,2202.0,606601796.0,0.15,0.9,0.2,0.3,0.5,0.4,0.6,0.5,0.4,0.3,0.1,0.0
2022-05-17,2190.0,2224.0,2120.0,2165.0,463758915.0,-0.3,0.9,-0.4,0.2,0.7,0.3,0.6,0.5,0.2,0.1,-0.2,-0.3
2022-05-18,2210.0,2248.0,2150.0,2192.0,577340605.0,0.15,0.85,0.25,0.35,0.65,0.45,0.6,0.3,0.4,0.35,0.2,0.1
2022-05-21,2180.0,2210.0,2131.0,2153.0,378023182.0,-0.3,0.9,-0.4,0.2,0.7,0.4,0.6,0.5,0.2,0.1,-0.2,-0.3
2022-05-22,2150.0,2161.0,2101.0,2137.0,384564600.0,-0.2,0.7,0.1,0.3,0.5,0.4,0.6,0.5,0.2,0.1,-0.3,-0.4
2022-05-23,2101.0,2128.0,2031.0,2042.0,919913865.0,-0.2,0.8,0.1,0.3,0.5,0.4,0.6,0.5,0.2,0.1,-0.3,-0.4
2022-05-24,2059.0,2082.0,2025.0,2049.0,288406762.0,-0.2,0.9,-0.4,0.3,0.7,0.4,0.6,0.5,0.2,0.1,-0.3,-0.4
2022-05-25,2056.0,2090.0,2027.0,2059.0,256808987.0,-0.1,0.9,0.2,0.3,0.7,0.4,0.6,0.5,0.4,0.3,0.1,-0.1
2022-05-28,2059.0,2075.0,1957.0,1973.0,441711231.0,-0.2,0.9,0.1,0.3,0.7,0.4,0.6,0.5,0.2,0.1,-0.3,-0.4
2022-05-29,1920.0,1966.0,1875.0,1906.0,531770759.0,-0.2,0.9,0.1,0.3,0.7,0.4,0.6,0.5,0.4,0.3,-0.3,-0.4
2022-05-30,1950.0,1956.0,1860.0,1904.0,273515127.0,-0.2,0.7,0.1,0.3,0.5,0.3,0.6,0.5,0.2,0.1,-0.3,-0.4
2022-05-31,1890.0,1918.0,1854.0,1891.0,172561970.0,-0.2,0.9,-0.4,0.3,0.7,0.4,0.6,0.5,0.2,0.1,-0.3,-0.4
2022-06-01,1890.0,1947.0,1850.0,1904.0,172253083.0,-0.2,0.9,0.1,0.3,0.7,0.4,0.6,0.5,0.2,0.1,-0.3,-0.4
2022-06-06,1889.0,1910.0,1809.0,1819.0,416674112.0,-0.2,0.9,0.1,0.5,0.7,0.3,0.6,0.5,0.2,0.1,-0.3,-0.4
2022-06-07,1819.0,1875.0,1798.0,1830.0,272600439.0,0.15,0.85,0.25,0.35,0.55,0.25,0.6,0.45,0.4,0.3,0.05,0.1
2022-06-08,1820.0,1872.0,1810.0,1834.0,162985689.0,0.15,0.85,0.25,0.35,0.55,0.3,0.6,0.45,0.4,0.3,0.05,0.1
2022-06-11,1820.0,1840.0,1762.0,1800.0,186320268.0,-0.23,0.85,0.11,0.38,0.58,0.18,0.52,0.42,0.25,0.15,-0.15,-0.12
2022-06-12,1766.0,1866.0,1746.0,1819.0,229312432.0,0.15,0.85,0.25,0.35,0.55,0.25,0.6,0.45,0.4,0.3,0.05,0.1
2022-06-13,1844.0,1909.0,1844.0,1905.0,471168460.0,0.15,0.9,0.2,0.3,0.5,0.4,0.6,0.3,0.4,0.2,0.1,0.0
2022-06-14,1919.0,1989.0,1883.0,1933.0,324425843.0,-0.2,0.8,0.1,0.3,0.5,0.4,0.6,0.5,0.2,0.1,-0.3,-0.4
2022-06-15,1900.0,1917.0,1864.0,1883.0,152004429.0,0.15,0.85,0.25,0.35,0.55,0.35,0.6,0.45,0.4,0.3,0.05,0.1
2022-06-18,1883.0,1915.0,1802.0,1833.0,182458314.0,-0.23,0.85,0.15,0.35,0.55,0.25,0.6,0.45,0.2,0.15,-0.3,-0.4
2022-06-19,1845.0,1846.0,1790.0,1812.0,166971140.0,-0.23,0.85,0.15,0.38,0.58,0.28,0.62,0.42,0.25,0.18,-0.15,-0.12
2022-06-20,1838.0,1902.0,1820.0,1887.0,352500257.0,-0.1,0.8,0.2,0.3,0.6,0.4,0.5,0.3,0.2,0.1,-0.2,-0.3
2022-06-21,1890.0,1929.0,1853.0,1887.0,159568083.0,-0.2,0.7,0.1,0.3,0.5,0.3,0.6,0.5,0.2,0.1,-0.3,-0.4
2022-06-22,1889.0,1959.0,1860.0,1921.0,280296146.0,0.15,0.9,0.45,0.25,0.65,0.35,0.6,0.5,0.4,0.3,0.1,0.05
2022-06-25,1965.0,2017.0,1950.0,2015.0,599300266.0,0.35,0.85,0.45,0.25,0.65,0.4,0.6,0.3,0.5,0.4,0.2,0.1
2022-06-26,1980.0,1984.0,1915.0,1935.0,297028305.0,-0.2,0.8,0.1,0.3,0.5,0.4,0.6,0.5,0.2,0.1,-0.3,-0.4
2022-06-27,1929.0,1975.0,1868.0,1935.0,262261320.0,0.15,0.85,0.25,0.35,0.55,0.4,0.6,0.45,0.2,0.15,0.05,0.1
2022-06-28,1961.0,2019.0,1940.0,1975.0,211900786.0,-0.35,0.85,-0.25,0.3,0.55,0.4,0.6,0.5,0.2,0.15,-0.3,-0.4
2022-06-29,1960.0,1992.0,1934.0,1967.0,178570711.0,-0.2,0.9,0.1,0.3,0.7,0.4,0.6,0.5,0.2,0.1,-0.3,-0.4
2022-07-02,1935.0,1950.0,1869.0,1879.0,304283309.0,0.15,0.85,0.25,0.35,0.55,0.3,0.6,0.45,0.4,0.3,0.1,0.05
2022-07-03,1869.0,1899.0,1856.0,1876.0,166126608.0,0.15,0.85,0.45,0.55,0.65,0.35,0.6,0.5,0.4,0.3,0.1,0.05
2022-07-04,1910.0,1941.0,1880.0,1909.0,157136208.0,-0.2,0.9,0.1,0.5,0.7,0.3,0.6,0.5,0.2,0.1,-0.3,-0.4
2022-07-05,1890.0,1921.0,1869.0,1885.0,157122720.0,-0.2,0.9,0.1,0.3,0.5,0.3,0.6,0.5,0.2,0.1,-0.3,-0.4
2022-07-06,1890.0,1890.0,1796.0,1824.0,225596745.0,-0.2,0.7,0.1,0.3,0.5,0.3,0.6,0.5,0.2,0.1,-0.3,-0.4
2022-07-09,1804.0,1849.0,1771.0,1799.0,192543047.0,-0.35,0.85,-0.25,0.2,0.55,0.15,0.6,0.45,0.25,0.15,-0.3,-0.4
2022-07-11,1800.0,1805.0,1710.0,1729.0,255277899.0,-0.2,0.9,-0.4,0.3,0.7,0.4,0.6,0.5,0.2,0.1,-0.3,-0.4
2022-07-12,1780.0,1809.0,1740.0,1767.0,192527810.0,0.15,0.85,0.25,0.35,0.65,0.4,0.6,0.45,0.4,0.3,0.05,0.1
2022-07-13,1808.0,1845.0,1775.0,1802.0,207199658.0,-0.42,0.85,-0.55,0.25,0.65,0.35,0.6,0.5,0.2,0.15,-0.3,-0.4
2022-07-16,1775.0,1790.0,1712.0,1751.0,265805029.0,0.1,0.9,0.2,0.3,0.5,0.4,0.6,0.5,0.4,0.3,0.1,0.2
2022-07-17,0.0,0.0,0.0,1751.0,0.0,-0.25,0.85,0.15,0.35,0.55,0.3,0.6,0.45,0.2,0.15,-0.3,-0.35
2022-07-19,0.0,0.0,0.0,1751.0,0.0,-0.2,0.9,0.1,0.2,0.5,0.3,0.6,0.5,0.2,0.1,-0.3,-0.4
2022-07-20,0.0,0.0,0.0,1751.0,0.0,0.15,0.85,0.25,0.2,0.55,0.35,0.6,0.45,0.4,0.3,0.05,0.1
2022-07-23,1764.0,1764.0,1751.0,1754.0,22260930.0,0.15,0.85,0.25,0.35,0.55,0.15,0.6,0.45,0.4,0.3,0.05,0.1
2022-07-24,1760.0,1800.0,1673.0,1728.0,145612054.0,-0.35,0.85,0.15,0.25,0.65,0.35,0.6,0.5,0.2,0.15,-0.25,-0.3
2022-07-25,1690.0,1700.0,1642.0,1646.0,242489622.0,-0.2,0.9,0.1,0.3,0.7,0.3,0.6,0.5,0.2,0.1,-0.3,-0.4
2022-07-26,1644.0,1676.0,1610.0,1635.0,155136162.0,-0.2,0.9,-0.4,0.3,0.7,0.3,0.6,0.5,0.2,0.1,-0.3,-0.4
2022-07-27,1640.0,1695.0,1627.0,1660.0,177947315.0,0.42,0.85,0.55,0.38,0.58,0.28,0.62,0.48,0.45,0.35,0.12,0.08
2022-07-30,1654.0,1680.0,1577.0,1604.0,169455957.0,-0.65,0.85,-0.55,0.25,0.7,0.35,0.6,0.5,0.2,0.15,-0.4,-0.5
2022-07-31,1587.0,1600.0,1524.0,1536.0,294330698.0,-0.35,0.85,-0.4,0.25,0.65,0.3,0.55,0.45,0.2,0.15,-0.25,-0.3
2022-08-01,1570.0,1599.0,1538.0,1559.0,186064856.0,-0.25,0.85,0.15,0.35,0.55,0.15,0.6,0.45,0.25,0.15,-0.15,-0.3
2022-08-02,1562.0,1625.0,1500.0,1564.0,249810273.0,0.15,0.9,0.45,0.55,0.7,0.35,0.65,0.5,0.4,0.3,0.2,0.1
2022-08-03,1619.0,1642.0,1590.0,1639.0,319013675.0,0.15,0.85,0.25,0.35,0.55,0.4,0.6,0.3,0.4,0.3,0.1,0.2
2022-08-06,1704.0,1720.0,1701.0,1718.0,156240221.0,0.45,0.9,0.6,0.3,0.7,0.4,0.8,0.2,0.5,0.4,0.3,0.5
2022-08-09,1780.0,1803.0,1685.0,1777.0,888612860.0,0.45,0.85,0.55,0.35,0.65,0.4,0.6,0.3,0.5,0.4,0.2,0.3
2022-08-10,1761.0,1832.0,1718.0,1775.0,400172690.0,0.15,0.85,0.25,0.3,0.6,0.4,0.7,0.35,0.4,0.3,0.1,0.05
2022-08-13,1863.0,1863.0,1863.0,1863.0,78493896.0,0.23,0.85,0.45,0.38,0.62,0.28,0.58,0.42,0.35,0.25,0.12,0.05
2022-08-14,1956.0,1956.0,1905.0,1945.0,1230358076.0,0.23,0.85,0.41,0.38,0.62,0.48,0.73,0.31,0.56,0.42,0.11,0.25
2022-08-15,1925.0,2042.0,1901.0,2007.0,887928485.0,0.35,0.85,0.45,0.25,0.65,0.4,0.6,0.3,0.5,0.4,0.2,0.3
2022-08-16,2079.0,2107.0,2020.0,2076.0,1170893573.0,0.15,0.85,0.25,0.35,0.65,0.4,0.55,0.3,0.4,0.25,0.1,0.05
2022-08-17,2110.0,2179.0,2107.0,2170.0,1639910742.0,0.15,0.9,0.2,0.3,0.7,0.4,0.6,0.3,0.4,0.3,0.1,0.2
2022-08-20,2120.0,2211.0,2091.0,2152.0,945366559.0,0.15,0.85,0.2,0.3,0.55,0.4,0.6,0.35,0.4,0.25,0.1,0.05
2022-08-21,2166.0,2239.0,2136.0,2183.0,756322454.0,0.15,0.85,0.25,0.35,0.6,0.4,0.55,0.3,0.4,0.25,0.1,0.05
2022-08-22,2164.0,2234.0,2086.0,2150.0,930735008.0,0.15,0.85,0.25,0.35,0.65,0.4,0.6,0.45,0.4,0.3,0.1,0.05
2022-08-23,2137.0,2182.0,2125.0,2151.0,570167500.0,0.15,0.85,0.25,0.35,0.65,0.45,0.6,0.3,0.4,0.35,0.2,0.3
2022-08-24,2149.0,2178.0,2087.0,2142.0,522128473.0,0.45,0.9,0.55,0.2,0.7,0.4,0.6,0.3,0.5,0.4,0.2,0.3
2022-08-27,2132.0,2138.0,2035.0,2068.0,498098603.0,-0.1,0.9,0.2,0.3,0.6,0.4,0.7,0.5,0.4,0.3,0.1,0.2
2022-08-28,2010.0,2166.0,1986.0,2077.0,1023144043.0,0.15,0.9,0.2,0.3,0.7,0.4,0.6,0.3,0.4,0.3,0.2,0.1
2022-08-29,2079.0,2096.0,2047.0,2072.0,267098308.0,-0.15,0.85,0.25,0.35,0.55,0.3,0.6,0.45,0.4,0.3,0.05,0.1
2022-08-30,2060.0,2060.0,1969.0,2000.0,402742994.0,0.15,0.85,0.25,0.35,0.6,0.4,0.55,0.45,0.4,0.3,0.05,0.1
2022-08-31,1994.0,2079.0,1968.0,2029.0,406876546.0,0.45,0.85,0.55,0.35,0.65,0.4,0.6,0.3,0.5,0.4,0.2,0.3
2022-09-03,2010.0,2010.0,1928.0,1942.0,510729994.0,-0.2,0.9,0.1,0.3,0.7,0.4,0.6,0.5,0.2,0.1,-0.3,-0.4
2022-09-04,1920.0,1972.0,1902.0,1948.0,238160941.0,0.15,0.85,0.25,0.35,0.6,0.4,0.7,0.45,0.4,0.3,0.05,0.1
2022-09-05,1950.0,1981.0,1928.0,1946.0,168512074.0,-0.2,0.8,0.1,0.3,0.6,0.2,0.5,0.4,0.3,0.2,-0.1,-0.2
2022-09-06,1951.0,1965.0,1910.0,1944.0,215254395.0,0.15,0.85,0.25,0.35,0.55,0.3,0.6,0.35,0.4,0.3,0.1,0.05
2022-09-07,1935.0,1971.0,1894.0,1928.0,244474127.0,-0.2,0.9,0.1,0.3,0.7,0.4,0.6,0.5,0.2,0.1,-0.3,-0.4
2022-09-10,1888.0,1903.0,1832.0,1860.0,231237145.0,0.2,0.9,0.4,0.3,0.5,0.4,0.6,0.3,0.4,0.3,0.1,0.2
2022-09-11,1867.0,1868.0,1792.0,1818.0,215234357.0,-0.2,0.9,0.1,0.3,0.7,0.4,0.6,0.5,0.2,0.1,-0.3,-0.4
2022-09-12,1830.0,1860.0,1807.0,1833.0,183505787.0,-0.1,0.9,0.2,0.5,0.7,0.3,0.6,0.5,0.4,0.3,0.1,0.2
2022-09-13,1865.0,1924.0,1838.0,1907.0,331248156.0,0.23,0.85,0.41,0.31,0.58,0.35,0.62,0.48,0.39,0.29,0.11,0.25
2022-09-14,1944.0,1948.0,1890.0,1916.0,258955463.0,0.23,0.85,0.45,0.38,0.58,0.28,0.62,0.42,0.35,0.25,0.12,0.08
2022-09-18,1881.0,1901.0,1828.0,1853.0,161088307.0,-0.2,0.8,0.1,0.3,0.6,0.2,0.5,0.4,0.3,0.2,-0.1,-0.2
2022-09-19,1828.0,1875.0,1800.0,1828.0,196358130.0,-0.2,0.9,0.1,0.3,0.7,0.4,0.6,0.5,0.4,0.3,0.1,0.0
2022-09-20,1816.0,1846.0,1773.0,1801.0,176411256.0,-0.42,0.85,-0.35,0.28,0.58,0.18,0.48,0.38,0.22,0.15,-0.25,-0.35
2022-09-21,1820.0,1840.0,1793.0,1810.0,162020303.0,-0.15,0.85,0.1,0.35,0.55,0.25,0.6,0.45,0.2,0.15,-0.05,-0.1
2022-09-24,1779.0,1810.0,1721.0,1747.0,246298331.0,-0.2,0.7,0.1,0.3,0.5,0.3,0.6,0.5,0.2,0.1,-0.3,-0.4
2022-09-26,1760.0,1834.0,1740.0,1817.0,308926541.0,0.15,0.85,0.45,0.35,0.65,0.25,0.6,0.35,0.4,0.3,0.1,0.05
2022-09-28,1839.0,1907.0,1830.0,1878.0,271113355.0,0.15,0.9,0.45,0.35,0.65,0.4,0.6,0.3,0.5,0.4,0.2,0.3
2022-10-01,1827.0,1846.0,1785.0,1796.0,340783448.0,-0.2,0.9,0.1,0.3,0.7,0.4,0.6,0.5,0.2,0.1,-0.3,-0.4
2022-10-02,1796.0,1839.0,1745.0,1792.0,258242677.0,0.45,0.9,0.55,0.35,0.65,0.4,0.6,0.3,0.5,0.4,0.2,0.3
2022-10-03,1805.0,1830.0,1768.0,1788.0,154734176.0,-0.2,0.7,0.1,0.3,0.5,0.4,0.6,0.5,0.2,0.1,-0.3,-0.4
2022-10-04,1791.0,1810.0,1778.0,1791.0,132351405.0,0.15,0.85,0.25,0.35,0.55,0.35,0.6,0.45,0.4,0.3,0.05,0.1
2022-10-08,1818.0,1858.0,1790.0,1823.0,177682577.0,0.15,0.85,0.45,0.55,0.65,0.35,0.6,0.5,0.4,0.3,0.1,0.05
2022-10-09,1815.0,1815.0,1750.0,1783.0,234321902.0,0.15,0.85,0.25,0.35,0.65,0.4,0.6,0.45,0.4,0.3,0.05,0.1
2022-10-10,1786.0,1798.0,1756.0,1779.0,146055057.0,-0.2,0.85,0.1,0.35,0.55,0.25,0.6,0.45,0.2,0.15,-0.15,-0.1
2022-10-11,1790.0,1819.0,1773.0,1787.0,122009714.0,-0.2,0.9,0.1,0.3,0.7,0.4,0.6,0.5,0.2,0.1,-0.3,-0.4
2022-10-12,1800.0,1800.0,1770.0,1783.0,111227763.0,-0.2,0.8,0.1,0.3,0.5,0.4,0.6,0.5,0.2,0.1,-0.3,-0.4
2022-10-15,1770.0,1791.0,1736.0,1751.0,135563238.0,-0.2,0.7,0.1,0.3,0.5,0.3,0.6,0.5,0.2,0.1,-0.3,-0.4
2022-10-16,1736.0,1753.0,1687.0,1709.0,226885972.0,-0.3,0.7,-0.4,0.2,0.5,0.3,0.6,0.5,0.2,0.1,-0.2,-0.3
2022-10-17,1692.0,1724.0,1690.0,1706.0,124204938.0,-0.2,0.7,0.1,0.3,0.5,0.3,0.6,0.5,0.2,0.1,-0.3,-0.4
2022-10-18,1730.0,1748.0,1696.0,1716.0,155747042.0,-0.2,0.7,0.1,0.3,0.5,0.3,0.6,0.5,0.2,0.1,-0.3,-0.4
2022-10-19,1700.0,1738.0,1681.0,1707.0,139074895.0,-0.2,0.9,0.1,0.3,0.7,0.4,0.6,0.5,0.2,0.1,-0.3,-0.4
2022-10-22,1700.0,1719.0,1675.0,1697.0,211671468.0,0.15,0.85,0.25,0.35,0.55,0.4,0.6,0.45,0.4,0.3,0.1,0.05
2022-10-23,1700.0,1722.0,1677.0,1700.0,194545680.0,-0.2,0.9,0.1,0.3,0.7,0.4,0.6,0.5,0.2,0.1,-0.3,-0.4
2022-10-24,1700.0,1706.0,1650.0,1666.0,145946768.0,-0.4,0.8,-0.5,0.2,0.7,0.3,0.6,0.5,0.2,0.1,-0.3,-0.4
2022-10-25,1666.0,1696.0,1633.0,1657.0,148255646.0,-0.3,0.7,-0.2,0.2,0.5,0.4,0.6,0.5,0.2,0.1,-0.2,-0.3
2022-10-26,1651.0,1659.0,1590.0,1608.0,315828904.0,-0.35,0.7,-0.4,0.2,0.5,0.3,0.6,0.5,0.2,0.1,-0.3,-0.4
2022-10-29,1654.0,1685.0,1610.0,1636.0,262326616.0,-0.2,0.7,0.1,0.3,0.5,0.4,0.6,0.5,0.2,0.1,-0.3,-0.4
2022-10-30,1640.0,1669.0,1610.0,1647.0,246806867.0,0.2,0.9,0.4,0.3,0.7,0.4,0.6,0.5,0.4,0.3,0.1,0.3
2022-10-31,1671.0,1725.0,1652.0,1696.0,243511760.0,0.15,0.85,0.45,0.25,0.65,0.35,0.6,0.3,0.4,0.25,0.1,0.05
2022-11-01,1728.0,1750.0,1698.0,1719.0,192615978.0,-0.2,0.7,0.1,0.3,0.5,0.4,0.6,0.5,0.2,0.1,-0.3,-0.4
2022-11-02,1714.0,1740.0,1681.0,1714.0,172934152.0,0.15,0.85,0.25,0.3,0.65,0.4,0.6,0.35,0.4,0.3,0.05,0.1
2022-11-05,1716.0,1799.0,1704.0,1775.0,350962578.0,0.15,0.85,0.25,0.35,0.55,0.3,0.6,0.45,0.4,0.3,0.05,0.1
2022-11-06,1770.0,1863.0,1746.0,1827.0,465302805.0,0.15,0.85,0.25,0.35,0.65,0.4,0.6,0.45,0.4,0.3,0.1,0.05
2022-11-07,1890.0,1918.0,1876.0,1915.0,340550183.0,0.15,0.85,0.25,0.35,0.65,0.4,0.6,0.45,0.4,0.3,0.1,0.05
2022-11-08,1999.0,2010.0,1895.0,1950.0,813516327.0,0.15,0.85,0.25,0.35,0.65,0.4,0.6,0.45,0.4,0.3,0.05,0.1
2022-11-09,1895.0,1990.0,1875.0,1944.0,666005203.0,0.15,0.85,0.25,0.35,0.65,0.3,0.6,0.45,0.4,0.3,0.05,0.1
2022-11-12,1960.0,1961.0,1882.0,1914.0,390472212.0,-0.2,0.9,0.1,0.3,0.5,0.3,0.6,0.5,0.4,0.3,-0.3,-0.4
2022-11-13,1895.0,1930.0,1853.0,1890.0,318801288.0,0.15,0.85,0.25,0.35,0.55,0.3,0.6,0.45,0.4,0.3,0.05,0.1
2022-11-14,1898.0,1916.0,1845.0,1871.0,283307430.0,-0.2,0.85,0.1,0.35,0.55,0.3,0.6,0.45,0.25,0.15,-0.3,-0.4
2022-11-15,1872.0,1911.0,1866.0,1881.0,207651902.0,0.15,0.85,0.25,0.35,0.55,0.4,0.6,0.45,0.4,0.3,0.05,0.1
2022-11-16,1895.0,1910.0,1852.0,1883.0,211949754.0,0.15,0.9,0.2,0.3,0.5,0.3,0.6,0.4,0.4,0.3,0.1,0.2
2022-11-19,1859.0,1859.0,1789.0,1814.0,388782857.0,0.1,0.9,0.2,0.3,0.5,0.3,0.6,0.4,0.2,0.1,0.05,0.1
2022-11-20,1871.0,1904.0,1871.0,1903.0,704131656.0,0.15,0.85,0.45,0.55,0.7,0.35,0.65,0.5,0.4,0.3,0.05,0.1
2022-11-21,1959.0,1977.0,1902.0,1933.0,659001679.0,-0.2,0.7,0.1,0.5,0.5,0.3,0.6,0.5,0.2,0.1,-0.3,-0.4
2022-11-22,1910.0,2029.0,1893.0,1997.0,1105262778.0,0.15,0.9,0.2,0.35,0.55,0.25,0.6,0.45,0.4,0.3,0.1,0.05
2022-11-23,2060.0,2085.0,2008.0,2049.0,806536265.0,0.15,0.9,0.2,0.5,0.7,0.3,0.6,0.4,0.4,0.3,0.1,0.2
2022-11-26,2044.0,2151.0,2031.0,2100.0,662759692.0,0.45,0.9,0.55,0.25,0.7,0.4,0.6,0.35,0.5,0.4,0.2,0.3
2022-11-27,2075.0,2150.0,2068.0,2115.0,546328848.0,0.45,0.85,0.55,0.35,0.65,0.25,0.6,0.3,0.5,0.4,0.2,0.3
2022-11-28,2150.0,2160.0,2070.0,2104.0,454273058.0,0.15,0.9,0.2,0.3,0.5,0.4,0.6,0.3,0.4,0.3,0.1,0.2
2022-11-29,2072.0,2109.0,2053.0,2077.0,466126282.0,0.45,0.9,0.55,0.35,0.65,0.4,0.7,0.3,0.5,0.4,0.2,0.3
2022-11-30,2057.0,2081.0,2024.0,2045.0,258050357.0,0.45,0.85,0.25,0.35,0.55,0.15,0.6,0.3,0.4,0.25,0.1,0.05
2022-12-03,2021.0,2069.0,2017.0,2046.0,276150676.0,0.15,0.85,0.25,0.3,0.6,0.4,0.7,0.35,0.4,0.3,0.05,0.1
2022-12-04,2078.0,2139.0,2075.0,2113.0,446129358.0,0.45,0.9,0.6,0.2,0.7,0.4,0.8,0.3,0.5,0.4,0.2,0.5
2022-12-05,2139.0,2155.0,2085.0,2113.0,340725501.0,0.15,0.85,0.25,0.35,0.55,0.25,0.6,0.35,0.4,0.3,0.05,0.1
2022-12-06,2100.0,2187.0,2080.0,2153.0,451851754.0,0.45,0.9,0.6,0.3,0.7,0.5,0.8,0.2,0.6,0.4,0.3,0.5
2022-12-07,2220.0,2260.0,2217.0,2256.0,1669222214.0,0.2,0.9,0.4,0.5,0.7,0.4,0.6,0.3,0.4,0.3,0.1,0.3
2022-12-10,2256.0,2289.0,2160.0,2224.0,729937797.0,-0.3,0.7,0.1,0.3,0.5,0.4,0.6,0.5,0.2,0.1,-0.2,-0.3
2022-12-11,2250.0,2250.0,2161.0,2219.0,469999234.0,-0.2,0.9,0.1,0.3,0.7,0.4,0.6,0.5,0.2,0.1,-0.3,-0.4
2022-12-12,2221.0,2264.0,2183.0,2224.0,363503051.0,-0.2,0.85,0.15,0.3,0.65,0.4,0.6,0.45,0.25,0.15,-0.05,-0.1
2022-12-13,2291.0,2314.0,2226.0,2264.0,416396662.0,0.2,0.9,0.4,0.3,0.7,0.4,0.6,0.3,0.4,0.3,0.1,0.0
2022-12-14,0.0,0.0,0.0,2264.0,0.0,0.15,0.9,0.2,0.3,0.7,0.4,0.6,0.3,0.4,0.3,0.1,0.2
2022-12-17,0.0,0.0,0.0,2264.0,0.0,0.15,0.9,0.2,0.3,0.5,0.4,0.6,0.3,0.4,0.3,0.1,0.2
2022-12-18,2302.0,2302.0,2226.0,2258.0,420673324.0,0.15,0.9,0.2,0.5,0.7,0.3,0.6,0.4,0.4,0.3,0.1,0.2
2022-12-19,2220.0,2225.0,2146.0,2162.0,774913449.0,-0.2,0.9,0.1,0.3,0.7,0.4,0.6,0.5,0.2,0.1,-0.3,-0.4
2022-12-20,2151.0,2216.0,2113.0,2158.0,379487962.0,0.1,0.9,0.2,0.3,0.7,0.4,0.6,0.5,0.4,0.3,0.1,0.2
2022-12-21,2200.0,2215.0,2157.0,2182.0,226449925.0,-0.15,0.85,0.1,0.35,0.55,0.25,0.6,0.45,0.2,0.15,-0.05,-0.1
2022-12-24,2173.0,2248.0,2173.0,2214.0,372017339.0,-0.2,0.7,0.1,0.3,0.5,0.3,0.6,0.5,0.2,0.1,-0.3,-0.4
2022-12-25,2240.0,2324.0,2216.0,2298.0,771071428.0,0.45,0.85,0.55,0.25,0.65,0.35,0.6,0.4,0.5,0.4,0.2,0.3
2022-12-26,2297.0,2366.0,2245.0,2320.0,518639647.0,0.15,0.9,0.2,0.3,0.5,0.4,0.6,0.3,0.4,0.3,0.1,0.2
2022-12-28,2350.0,2436.0,2347.0,2422.0,802115326.0,0.45,0.85,0.55,0.35,0.65,0.4,0.6,0.3,0.5,0.4,0.2,0.3
2022-12-31,2340.0,2405.0,2301.0,2342.0,563681535.0,0.45,0.9,0.6,0.3,0.7,0.4,0.6,0.3,0.5,0.4,0.2,0.3
2023-01-01,2370.0,2459.0,2311.0,2376.0,687324110.0,0.45,0.85,0.55,0.35,0.65,0.4,0.6,0.3,0.5,0.4,0.2,0.3
2023-01-02,2494.0,2494.0,2494.0,2494.0,415599557.0,0.15,0.85,0.25,0.35,0.55,0.4,0.6,0.3,0.4,0.25,0.1,0.05
2023-01-03,2618.0,2618.0,2524.0,2598.0,1709375167.0,-0.2,0.9,0.1,0.3,0.7,0.4,0.6,0.3,0.4,0.2,0.1,0.3
2023-01-04,2580.0,2666.0,2536.0,2599.0,588222146.0,0.45,0.85,0.55,0.25,0.65,0.4,0.6,0.35,0.5,0.4,0.2,0.3
2023-01-07,2688.0,2728.0,2681.0,2723.0,1127350893.0,0.45,0.85,0.55,0.35,0.65,0.4,0.7,0.3,0.5,0.4,0.2,0.3
2023-01-08,2745.0,2794.0,2615.0,2684.0,1132228834.0,0.45,0.9,0.55,0.3,0.7,0.4,0.6,0.35,0.5,0.4,0.2,0.3
2023-01-09,2688.0,2758.0,2654.0,2698.0,704242644.0,0.45,0.85,0.55,0.35,0.65,0.4,0.6,0.3,0.5,0.4,0.2,0.1
2023-01-10,2715.0,2765.0,2629.0,2685.0,747376455.0,0.15,0.85,0.25,0.35,0.55,0.3,0.6,0.45,0.4,0.35,0.05,0.1
2023-01-11,2630.0,2656.0,2551.0,2588.0,635611278.0,0.2,0.9,0.4,0.3,0.7,0.4,0.6,0.3,0.4,0.3,0.1,0.3
2023-01-14,0.0,0.0,0.0,2588.0,0.0,0.45,0.85,0.55,0.25,0.7,0.4,0.6,0.35,0.5,0.4,0.2,0.3
2023-01-15,0.0,0.0,0.0,2588.0,0.0,0.2,0.9,0.4,0.3,0.7,0.4,0.6,0.3,0.4,0.3,0.1,0.3
2023-01-16,0.0,0.0,0.0,2588.0,0.0,0.45,0.85,0.55,0.35,0.65,0.4,0.6,0.5,0.5,0.4,0.2,0.3
2023-01-17,2700.0,2716.0,2549.0,2621.0,670070720.0,0.15,0.85,0.25,0.35,0.55,0.4,0.6,0.45,0.4,0.3,0.05,0.1
2023-01-18,2584.0,2584.0,2503.0,2540.0,252236100.0,-0.2,0.9,0.1,0.3,0.7,0.4,0.6,0.5,0.4,0.3,0.1,0.0
2023-01-21,2425.0,2470.0,2413.0,2417.0,1124443223.0,0.2,0.9,0.4,0.5,0.7,0.3,0.6,0.4,0.5,0.4,0.3,0.2
2023-01-22,2412.0,2505.0,2324.0,2415.0,656386497.0,0.45,0.9,0.6,0.3,0.7,0.4,0.8,0.2,0.5,0.4,0.3,0.5
2023-01-23,2530.0,2535.0,2328.0,2478.0,1646720854.0,-0.2,0.9,0.1,0.3,0.5,0.4,0.6,0.5,0.2,0.1,-0.3,-0.4
2023-01-24,2511.0,2559.0,2460.0,2514.0,470445698.0,0.45,0.9,0.55,0.35,0.65,0.4,0.7,0.3,0.5,0.4,0.2,0.3
2023-01-25,2420.0,2440.0,2389.0,2396.0,678340822.0,-0.2,0.85,0.1,0.35,0.55,0.25,0.6,0.45,0.25,0.15,-0.15,-0.3
2023-01-28,2431.0,2431.0,2305.0,2366.0,416090235.0,-0.2,0.7,0.1,0.3,0.5,0.4,0.6,0.5,0.2,0.1,-0.3,-0.4
2023-01-29,2270.0,2350.0,2248.0,2251.0,750525848.0,0.1,0.85,0.2,0.35,0.65,0.25,0.6,0.45,0.4,0.3,0.05,0.15
2023-01-30,2240.0,2285.0,2146.0,2209.0,470720429.0,0.2,0.9,0.4,0.3,0.7,0.5,0.6,0.3,0.4,0.3,0.1,0.0
2023-01-31,2240.0,2299.0,2186.0,2238.0,479362813.0,0.05,0.85,0.15,0.35,0.55,0.25,0.6,0.45,0.4,0.3,0.1,0.05
2023-02-01,2253.0,2280.0,2190.0,2214.0,230472384.0,-0.35,0.85,-0.4,0.25,0.55,0.3,0.6,0.45,0.2,0.15,-0.25,-0.3
2023-02-05,2220.0,2249.0,2104.0,2137.0,593826613.0,-0.3,0.9,-0.4,0.2,0.7,0.4,0.6,0.5,0.2,0.1,-0.2,-0.3
2023-02-06,0.0,0.0,0.0,2137.0,0.0,-0.3,0.9,0.1,0.2,0.7,0.4,0.6,0.5,0.2,0.1,-0.2,-0.3
2023-02-07,0.0,0.0,0.0,2137.0,0.0,0.45,0.85,0.55,0.25,0.65,0.4,0.7,0.35,0.5,0.4,0.2,0.3
2023-02-08,0.0,0.0,0.0,2137.0,0.0,0.15,0.85,0.25,0.35,0.6,0.4,0.55,0.3,0.4,0.25,0.1,0.05
2023-02-12,0.0,0.0,0.0,2137.0,0.0,-0.15,0.85,0.1,0.3,0.65,0.4,0.6,0.45,0.25,0.15,-0.05,-0.1
2023-02-13,0.0,0.0,0.0,2137.0,0.0,0.1,0.9,0.2,0.3,0.5,0.4,0.6,0.3,0.2,0.1,0.05,0.1
2023-02-14,0.0,0.0,0.0,2137.0,0.0,-0.35,0.85,0.15,0.25,0.65,0.4,0.6,0.5,0.2,0.15,-0.3,-0.4
2023-02-15,2083.0,2083.0,2003.0,2040.0,148648250.0,-0.42,0.85,-0.55,0.25,0.65,0.15,0.6,0.5,0.2,0.1,-0.3,-0.4
2023-02-19,2060.0,2119.0,2033.0,2068.0,307718427.0,-0.2,0.7,0.1,0.3,0.5,0.1,0.6,0.5,0.2,0.1,-0.3,-0.4
2023-02-20,2070.0,2171.0,2068.0,2158.0,440171095.0,-0.15,0.85,0.1,0.55,0.65,0.35,0.6,0.5,0.25,0.15,-0.2,-0.3
2023-02-21,2220.0,2265.0,2148.0,2227.0,743388755.0,0.15,0.9,0.2,0.5,0.7,0.3,0.6,0.4,0.4,0.3,0.1,0.2
2023-02-22,2137.0,2145.0,2116.0,2123.0,411454815.0,-0.2,0.9,0.1,0.3,0.5,0.4,0.6,0.5,0.2,0.1,-0.3,-0.4
2023-02-25,2220.0,2229.0,2178.0,2227.0,690001611.0,0.15,0.85,0.25,0.35,0.65,0.4,0.6,0.3,0.4,0.3,0.1,0.05
2023-02-26,2330.0,2338.0,2180.0,2252.0,716061177.0,-0.2,0.9,0.1,0.3,0.7,0.4,0.6,0.5,0.2,0.1,-0.3,-0.4
2023-02-27,2364.0,2364.0,2297.0,2358.0,1463743014.0,0.2,0.9,0.4,0.5,0.7,0.4,0.6,0.3,0.5,0.4,0.1,0.3
2023-02-28,2365.0,2365.0,2279.0,2311.0,567180053.0,0.15,0.9,0.2,0.3,0.7,0.4,0.6,0.3,0.4,0.2,0.1,0.0
2023-03-01,2280.0,2280.0,2196.0,2218.0,606680148.0,0.1,0.9,0.2,0.3,0.7,0.4,0.6,0.5,0.4,0.3,0.1,0.2
2023-03-04,2160.0,2276.0,2152.0,2221.0,713411071.0,0.45,0.9,0.55,0.3,0.7,0.4,0.6,0.35,0.5,0.4,0.2,0.3
2023-03-05,2290.0,2328.0,2215.0,2273.0,505709203.0,0.1,0.9,0.2,0.3,0.7,0.4,0.6,0.5,0.4,0.3,0.1,0.2
2023-03-06,2240.0,2307.0,2190.0,2259.0,430814503.0,0.15,0.85,0.25,0.35,0.55,0.4,0.6,0.45,0.4,0.3,0.1,0.05
2023-03-07,2280.0,2330.0,2185.0,2255.0,800994435.0,0.15,0.9,0.2,0.2,0.7,0.4,0.6,0.3,0.4,0.3,0.1,0.2
2023-03-11,2312.0,2350.0,2289.0,2317.0,277202157.0,-0.2,0.9,0.1,0.3,0.7,0.4,0.6,0.5,0.2,0.1,-0.3,-0.4
2023-03-12,2243.0,2259.0,2202.0,2218.0,451908659.0,-0.3,0.8,0.2,0.3,0.5,0.4,0.6,0.5,0.2,0.1,-0.2,-0.3
2023-03-13,2218.0,2260.0,2196.0,2226.0,311663942.0,0.45,0.85,0.55,0.25,0.65,0.35,0.7,0.3,0.5,0.4,0.2,0.3
2023-03-14,2226.0,2249.0,2205.0,2223.0,255378114.0,0.2,0.9,0.5,0.2,0.7,0.4,0.6,0.3,0.4,0.3,0.1,0.3
2023-03-15,2259.0,2310.0,2235.0,2271.0,522138489.0,-0.2,0.85,0.1,0.35,0.55,0.3,0.6,0.45,0.25,0.15,-0.15,-0.1
2023-03-18,2330.0,2384.0,2330.0,2383.0,512896644.0,0.42,0.85,0.55,0.35,0.65,0.4,0.6,0.3,0.5,0.4,0.2,0.3
2023-03-19,2450.0,2502.0,2406.0,2490.0,1154661834.0,0.15,0.85,0.45,0.25,0.65,0.35,0.6,0.3,0.4,0.25,0.1,0.05
2023-03-25,2530.0,2614.0,2470.0,2594.0,1353695803.0,0.15,0.9,0.2,0.3,0.7,0.4,0.6,0.5,0.4,0.3,0.1,0.2
2023-03-26,2580.0,2639.0,2469.0,2546.0,749119182.0,0.45,0.85,0.55,0.35,0.65,0.4,0.7,0.3,0.5,0.4,0.2,0.3
2023-03-27,2475.0,2639.0,2470.0,2586.0,568855335.0,0.45,0.9,0.55,0.35,0.65,0.4,0.7,0.3,0.5,0.4,0.2,0.3
2023-03-28,2641.0,2715.0,2603.0,2650.0,572091105.0,0.15,0.9,0.2,0.3,0.7,0.4,0.6,0.5,0.4,0.3,0.1,0.2
2023-03-29,2675.0,2782.0,2650.0,2749.0,710378806.0,0.15,0.85,0.45,0.25,0.65,0.35,0.6,0.3,0.4,0.25,0.1,0.2
2023-04-03,2820.0,2886.0,2700.0,2866.0,732012102.0,0.45,0.9,0.6,0.3,0.7,0.4,0.8,0.2,0.5,0.4,0.3,0.4
2023-04-04,2950.0,2989.0,2759.0,2866.0,1095895028.0,0.15,0.9,0.4,0.2,0.7,0.6,0.8,0.3,0.4,0.3,0.1,0.2
2023-04-05,2790.0,2901.0,2755.0,2840.0,987611632.0,0.23,0.85,0.45,0.38,0.62,0.35,0.58,0.42,0.48,0.38,0.15,0.12
2023-04-08,2751.0,2925.0,2726.0,2835.0,1518571941.0,0.15,0.85,0.25,0.35,0.65,0.4,0.6,0.3,0.4,0.3,0.1,0.05
2023-04-09,2800.0,2972.0,2787.0,2909.0,1208784518.0,0.45,0.9,0.6,0.2,0.7,0.5,0.8,0.3,0.5,0.4,0.2,0.3
2023-04-10,0.0,0.0,0.0,2909.0,0.0,-0.2,0.9,0.1,0.3,0.7,0.4,0.6,0.5,0.4,0.3,0.1,0.2
2023-04-11,2850.0,2950.0,2764.0,2871.0,705475511.0,-0.2,0.9,0.1,0.3,0.7,0.4,0.6,0.5,0.2,0.1,-0.3,-0.4
2023-04-15,2910.0,3000.0,2900.0,2946.0,817050987.0,0.23,0.85,0.42,0.38,0.58,0.28,0.62,0.35,0.45,0.32,0.15,0.12
2023-04-16,3001.0,3070.0,2922.0,2997.0,1018404616.0,-0.2,0.9,0.1,0.3,0.5,0.4,0.6,0.5,0.2,0.1,-0.3,-0.4
2023-04-17,2983.0,3136.0,2934.0,3077.0,826114928.0,0.65,0.9,0.55,0.25,0.7,0.4,0.6,0.3,0.5,0.4,0.2,0.3
2023-04-18,3143.0,3230.0,3115.0,3225.0,1897468975.0,0.45,0.9,0.55,0.3,0.7,0.4,0.6,0.35,0.5,0.4,0.2,0.3
2023-04-19,3270.0,3376.0,3215.0,3295.0,1040767583.0,0.45,0.85,0.55,0.35,0.65,0.25,0.6,0.3,0.4,0.35,0.15,0.4
2023-04-24,3330.0,3459.0,3201.0,3372.0,848298718.0,0.45,0.9,0.6,0.2,0.7,0.4,0.8,0.3,0.5,0.4,0.2,0.3
2023-04-25,3480.0,3532.0,3223.0,3365.0,901224382.0,0.45,0.9,0.5,0.3,0.7,0.1,0.6,0.3,0.4,0.3,0.2,0.3
2023-04-26,3250.0,3349.0,3197.0,3234.0,1258767829.0,0.15,0.9,0.45,0.35,0.65,0.25,0.6,0.3,0.4,0.35,0.2,0.3
2023-04-29,3200.0,3292.0,3171.0,3227.0,862264150.0,0.45,0.85,0.55,0.35,0.65,0.4,0.7,0.3,0.5,0.4,0.2,0.3
2023-04-30,3280.0,3388.0,3270.0,3372.0,1365048575.0,0.45,0.9,0.55,0.35,0.65,0.4,0.6,0.3,0.5,0.4,0.2,0.1
2023-05-01,3425.0,3469.0,3301.0,3377.0,780079041.0,0.45,0.85,0.55,0.25,0.65,0.4,0.7,0.3,0.5,0.4,0.2,0.3
2023-05-02,3380.0,3505.0,3350.0,3431.0,1074142882.0,0.45,0.85,0.55,0.35,0.65,0.4,0.6,0.3,0.5,0.4,0.2,0.3
2023-05-03,3525.0,3602.0,3475.0,3583.0,2200994194.0,0.2,0.9,0.4,0.5,0.7,0.3,0.6,0.3,0.4,0.3,0.1,0.3
2023-05-06,3762.0,3762.0,3762.0,3762.0,444250362.0,0.45,0.85,0.55,0.35,0.65,0.4,0.6,0.3,0.5,0.4,0.2,0.3
2023-05-07,3950.0,3950.0,3594.0,3830.0,4016951911.0,0.15,0.9,0.2,0.5,0.7,0.4,0.6,0.5,0.4,0.3,0.1,0.0
2023-05-08,3740.0,3820.0,3639.0,3689.0,1235267508.0,0.1,0.9,0.2,0.5,0.7,0.4,0.6,0.5,0.4,0.3,-0.2,-0.3
2023-05-09,3570.0,3873.0,3557.0,3751.0,1931252994.0,0.45,0.9,0.55,0.35,0.65,0.25,0.7,0.4,0.5,0.3,0.2,0.1
2023-05-10,3830.0,3887.0,3564.0,3626.0,1469689990.0,-0.15,0.85,0.1,0.35,0.55,0.25,0.6,0.45,0.25,0.15,-0.05,-0.1
2023-05-13,3545.0,3555.0,3445.0,3452.0,1250595433.0,-0.2,0.9,0.1,0.3,0.7,0.4,0.6,0.5,0.4,0.3,-0.3,-0.4
2023-05-14,3454.0,3609.0,3391.0,3517.0,854871169.0,0.15,0.85,0.25,0.55,0.65,0.35,0.7,0.45,0.4,0.3,0.05,0.1
2023-05-15,3580.0,3580.0,3400.0,3470.0,779942497.0,-0.1,0.9,0.2,0.5,0.7,0.3,0.6,0.4,0.3,0.2,0.1,0.0
2023-05-17,3410.0,3574.0,3361.0,3487.0,559171972.0,-0.2,0.7,0.1,0.3,0.5,0.1,0.6,0.5,0.2,0.1,-0.3,-0.1
2023-05-20,3532.0,3535.0,3313.0,3364.0,862215731.0,-0.2,0.9,-0.4,0.3,0.5,0.1,0.6,0.5,0.2,0.1,-0.3,-0.4
2023-05-21,3314.0,3401.0,3241.0,3349.0,360024909.0,0.15,0.85,0.25,0.35,0.55,0.15,0.6,0.3,0.4,0.25,0.05,0.1
2023-05-22,3389.0,3479.0,3346.0,3404.0,392558846.0,0.15,0.85,0.25,0.35,0.55,0.3,0.6,0.45,0.4,0.3,0.1,0.05
2023-05-23,3410.0,3475.0,3334.0,3397.0,436990783.0,0.15,0.85,0.25,0.35,0.55,0.15,0.6,0.45,0.4,0.3,0.05,0.1
2023-05-24,3350.0,3400.0,3295.0,3334.0,471744057.0,-0.2,0.85,0.1,0.35,0.65,0.25,0.55,0.45,0.25,0.15,-0.15,-0.1
2023-05-27,3334.0,3380.0,3247.0,3314.0,416095223.0,0.15,0.85,0.25,0.35,0.6,0.3,0.55,0.45,0.4,0.3,0.05,0.1
2023-05-28,3290.0,3300.0,3149.0,3155.0,758097498.0,0.15,0.9,0.2,0.3,0.5,0.4,0.6,0.3,0.4,0.3,0.1,0.0
2023-05-29,3158.0,3197.0,3138.0,3158.0,466102465.0,0.15,0.85,0.25,0.35,0.65,0.45,0.6,0.4,0.35,0.3,0.05,0.1
2023-05-30,3190.0,3210.0,3140.0,3159.0,462685411.0,-0.2,0.7,0.1,0.3,0.5,0.4,0.6,0.5,0.2,0.1,-0.3,-0.4
2023-05-31,3160.0,3175.0,3038.0,3087.0,343494236.0,-0.2,0.7,0.1,0.3,0.5,0.4,0.6,0.5,0.2,0.1,-0.3,-0.4
2023-06-03,3080.0,3185.0,3045.0,3123.0,200715661.0,0.15,0.85,0.45,0.35,0.65,0.25,0.6,0.4,0.35,0.3,0.1,0.05
2023-06-06,3180.0,3279.0,3124.0,3232.0,439394161.0,0.45,0.9,0.55,0.3,0.7,0.4,0.6,0.35,0.5,0.4,0.2,0.3
2023-06-07,3300.0,3320.0,3149.0,3224.0,330498456.0,0.15,0.85,0.25,0.35,0.55,0.3,0.6,0.45,0.4,0.3,0.05,0.1
2023-06-10,3065.0,3100.0,3063.0,3064.0,86470246.0,-0.2,0.9,0.1,0.3,0.7,0.4,0.6,0.5,0.2,0.1,-0.3,-0.4
2023-06-11,2911.0,3020.0,2911.0,2938.0,557564179.0,0.15,0.85,0.25,0.3,0.65,0.4,0.55,0.35,0.4,0.3,0.1,0.05
2023-06-12,2984.0,3050.0,2820.0,2918.0,353000404.0,0.1,0.9,0.2,0.3,0.5,0.3,0.6,0.4,0.2,0.1,0.05,0.1
2023-06-13,2926.0,2948.0,2822.0,2894.0,263857640.0,0.15,0.85,0.25,0.35,0.55,0.4,0.6,0.45,0.4,0.3,0.05,0.1
2023-06-14,2948.0,2964.0,2852.0,2908.0,329725388.0,0.1,0.9,0.2,0.3,0.5,0.4,0.6,0.3,0.2,0.1,0.05,0.1
2023-06-17,2888.0,2940.0,2800.0,2875.0,207546003.0,0.15,0.85,0.25,0.55,0.65,0.35,0.7,0.45,0.4,0.3,0.05,0.1
2023-06-18,2829.0,2860.0,2732.0,2779.0,462191080.0,-0.35,0.85,-0.25,0.45,0.65,0.35,0.55,0.5,0.25,0.15,-0.3,-0.4
2023-06-19,2750.0,2855.0,2742.0,2801.0,383864520.0,-0.2,0.7,0.1,0.3,0.5,0.3,0.6,0.5,0.2,0.1,-0.3,-0.4
2023-06-20,2808.0,2882.0,2760.0,2834.0,235682638.0,-0.2,0.9,0.1,0.5,0.7,0.4,0.6,0.5,0.2,0.1,-0.3,-0.4
2023-06-21,2920.0,2929.0,2843.0,2878.0,136827760.0,0.1,0.9,0.2,0.5,0.7,0.3,0.6,0.5,0.4,0.3,0.1,0.2
2023-06-24,2864.0,2864.0,2810.0,2855.0,17122447.0,0.15,0.85,0.25,0.35,0.55,0.3,0.6,0.45,0.4,0.3,0.05,0.1
2023-06-25,2879.0,2880.0,2784.0,2811.0,175459633.0,0.15,0.9,0.2,0.3,0.7,0.4,0.6,0.5,0.4,0.3,0.1,0.2
2023-06-26,0.0,0.0,0.0,2811.0,0.0,-0.2,0.9,0.1,0.3,0.7,0.4,0.6,0.5,0.2,0.1,-0.3,-0.4
2023-06-27,2820.0,2820.0,2679.0,2725.0,204625587.0,-0.2,0.7,0.1,0.3,0.5,0.4,0.6,0.5,0.2,0.1,-0.3,-0.4
2023-06-28,2684.0,2800.0,2660.0,2728.0,164134992.0,-0.2,0.9,0.1,0.3,0.7,0.4,0.6,0.5,0.4,0.3,0.1,-0.1
2023-07-01,2741.0,2760.0,2667.0,2705.0,187748638.0,-0.2,0.85,0.1,0.35,0.65,0.25,0.6,0.45,0.25,0.15,-0.15,-0.3
2023-07-02,2701.0,2840.0,2689.0,2827.0,508390704.0,0.45,0.85,0.55,0.35,0.65,0.4,0.6,0.3,0.5,0.4,0.2,0.3
2023-07-03,2850.0,2968.0,2850.0,2929.0,424961050.0,0.15,0.85,0.25,0.55,0.65,0.35,0.7,0.45,0.4,0.3,0.1,0.05
2023-07-04,3000.0,3014.0,2905.0,2963.0,344488675.0,0.15,0.85,0.45,0.55,0.65,0.35,0.6,0.3,0.4,0.25,0.1,0.05
2023-07-05,2940.0,2989.0,2916.0,2945.0,221127917.0,0.15,0.85,0.25,0.55,0.65,0.35,0.6,0.45,0.4,0.3,0.05,0.1
2023-07-08,2959.0,2970.0,2894.0,2926.0,152837652.0,0.15,0.85,0.25,0.35,0.55,0.3,0.6,0.45,0.4,0.3,0.05,0.1
2023-07-09,2902.0,2967.0,2843.0,2891.0,202924526.0,-0.2,0.7,0.1,0.3,0.5,0.4,0.6,0.3,0.4,0.3,0.1,-0.1
2023-07-10,2860.0,2886.0,2778.0,2819.0,193060864.0,-0.2,0.8,0.1,0.3,0.5,0.3,0.6,0.4,0.2,0.1,-0.1,-0.1
2023-07-11,2777.0,2833.0,2679.0,2725.0,387486410.0,-0.3,0.9,-0.4,0.2,0.7,0.3,0.6,0.5,0.2,0.1,-0.2,-0.3
2023-07-12,2683.0,2700.0,2589.0,2611.0,371774473.0,-0.2,0.7,0.1,0.3,0.5,0.4,0.6,0.5,0.2,0.1,-0.3,-0.4
2023-07-15,2650.0,2693.0,2516.0,2584.0,212025739.0,-0.42,0.85,-0.55,0.25,0.65,0.35,0.6,0.5,0.2,0.15,-0.3,-0.4
2023-07-16,2561.0,2570.0,2455.0,2481.0,246811997.0,-0.3,0.7,-0.4,0.3,0.5,0.4,0.6,0.5,0.2,0.1,-0.2,-0.3
2023-07-17,2403.0,2410.0,2357.0,2366.0,430569904.0,-0.15,0.85,0.1,0.35,0.55,0.25,0.6,0.45,0.2,0.15,-0.05,-0.1
2023-07-18,0.0,0.0,0.0,2366.0,0.0,0.15,0.85,0.25,0.35,0.55,0.4,0.6,0.45,0.4,0.3,0.1,0.05
2023-07-19,0.0,0.0,0.0,2366.0,0.0,-0.23,0.85,0.12,0.31,0.58,0.41,0.62,0.48,0.29,0.21,-0.15,-0.18
2023-07-22,0.0,0.0,0.0,2366.0,0.0,-0.23,0.85,-0.15,0.38,0.58,0.28,0.48,0.42,0.25,0.18,-0.12,-0.18
2023-07-23,2380.0,2404.0,2331.0,2365.0,221235489.0,-0.35,0.85,-0.2,0.25,0.65,0.4,0.55,0.5,0.2,0.15,-0.3,-0.4
2023-07-24,2360.0,2420.0,2331.0,2369.0,354338954.0,0.15,0.85,0.25,0.35,0.65,0.4,0.6,0.45,0.4,0.3,0.1,0.05
2023-07-25,2393.0,2440.0,2301.0,2372.0,233924363.0,-0.35,0.85,-0.25,0.45,0.65,0.35,0.55,0.5,0.2,0.15,-0.3,-0.4
2023-07-26,2350.0,2450.0,2310.0,2382.0,258291510.0,-0.23,0.85,0.11,0.38,0.58,0.18,0.48,0.42,0.25,0.15,-0.15,-0.18
2023-07-29,2405.0,2420.0,2313.0,2356.0,176408801.0,0.15,0.85,0.45,0.55,0.7,0.35,0.6,0.5,0.4,0.3,0.1,0.05
2023-07-30,2330.0,2359.0,2239.0,2253.0,499870815.0,-0.3,0.9,-0.4,0.2,0.7,0.4,0.6,0.5,0.2,0.1,-0.2,-0.3
2023-07-31,2222.0,2310.0,2195.0,2260.0,571904491.0,-0.2,0.9,0.1,0.3,0.7,0.4,0.6,0.5,0.2,0.1,-0.3,-0.4
2023-08-01,2329.0,2339.0,2273.0,2301.0,224347516.0,-0.2,0.7,0.1,0.3,0.5,0.3,0.6,0.5,0.2,0.1,-0.3,-0.4
2023-08-05,2340.0,2416.0,2329.0,2401.0,539539389.0,0.15,0.85,0.45,0.55,0.65,0.35,0.7,0.5,0.4,0.3,0.2,0.1
2023-08-06,2410.0,2450.0,2358.0,2411.0,387088221.0,0.15,0.9,0.2,0.5,0.7,0.4,0.6,0.3,0.4,0.3,0.1,0.05
2023-08-07,2434.0,2531.0,2430.0,2502.0,538675224.0,0.15,0.85,0.25,0.35,0.65,0.4,0.6,0.45,0.4,0.3,0.1,0.05
2023-08-08,2450.0,2493.0,2395.0,2431.0,295504298.0,0.15,0.85,0.25,0.35,0.55,0.4,0.6,0.45,0.2,0.15,0.05,0.1
2023-08-09,2418.0,2451.0,2368.0,2398.0,184563847.0,-0.2,0.7,0.1,0.3,0.5,0.3,0.6,0.5,0.2,0.1,-0.3,-0.4
2023-08-12,0.0,0.0,0.0,2398.0,0.0,-0.2,0.9,0.1,0.3,0.7,0.4,0.6,0.5,0.2,0.1,-0.3,-0.4
2023-08-13,2270.0,2328.0,2241.0,2279.0,255489297.0,0.15,0.9,0.2,0.3,0.7,0.4,0.6,0.5,0.4,0.3,0.1,0.0
2023-08-14,2340.0,2378.0,2251.0,2314.0,162943961.0,-0.3,0.7,-0.4,0.2,0.5,0.4,0.6,0.5,0.2,0.1,-0.2,-0.3
2023-08-15,2280.0,2290.0,2199.0,2213.0,241788738.0,0.1,0.9,0.2,0.3,0.7,0.4,0.6,0.5,0.4,0.3,0.2,0.1
2023-08-16,2236.0,2279.0,2201.0,2232.0,140383765.0,0.15,0.85,0.45,0.25,0.7,0.4,0.6,0.35,0.5,0.3,0.2,0.1
2023-08-19,2236.0,2263.0,2143.0,2193.0,233982934.0,-0.3,0.7,-0.2,0.3,0.5,0.1,0.6,0.5,0.2,0.1,-0.2,-0.3
2023-08-20,2176.0,2252.0,2176.0,2216.0,200336177.0,-0.2,0.9,0.1,0.3,0.7,0.4,0.6,0.5,0.2,0.1,-0.3,-0.4
2023-08-21,2239.0,2273.0,2209.0,2231.0,138744595.0,-0.2,0.85,0.1,0.35,0.55,0.25,0.6,0.45,0.25,0.15,-0.15,-0.1
2023-08-22,2220.0,2220.0,2120.0,2154.0,162375219.0,-0.3,0.7,-0.4,0.2,0.5,0.3,0.6,0.5,0.2,0.1,-0.2,-0.3
2023-08-23,2176.0,2261.0,2141.0,2218.0,175185147.0,0.15,0.85,0.25,0.35,0.55,0.15,0.6,0.3,0.4,0.25,0.05,0.1
2023-08-26,2275.0,2328.0,2271.0,2324.0,262912890.0,0.15,0.9,0.2,0.3,0.7,0.4,0.6,0.3,0.4,0.3,0.1,0.2
2023-08-27,2359.0,2440.0,2346.0,2436.0,603156134.0,0.15,0.85,0.45,0.25,0.7,0.4,0.6,0.35,0.5,0.3,0.1,0.05
2023-08-28,2460.0,2557.0,2430.0,2504.0,404595180.0,0.2,0.9,0.4,0.3,0.7,0.4,0.6,0.3,0.4,0.3,0.1,0.3
2023-08-29,2490.0,2604.0,2473.0,2520.0,321035686.0,0.15,0.85,0.25,0.35,0.55,0.4,0.6,0.45,0.4,0.3,0.05,0.1
2023-08-30,2497.0,2560.0,2460.0,2517.0,219323579.0,0.15,0.85,0.25,0.35,0.65,0.4,0.6,0.45,0.4,0.3,0.1,0.05
2023-09-02,2529.0,2544.0,2435.0,2494.0,221710024.0,0.15,0.85,0.1,0.25,0.6,0.4,0.7,0.35,0.45,0.3,0.05,0.1
2023-09-03,2480.0,2510.0,2443.0,2473.0,201607612.0,0.15,0.9,0.2,0.5,0.7,0.4,0.6,0.3,0.4,0.3,0.1,0.05
2023-09-04,2470.0,2540.0,2441.0,2500.0,280148884.0,0.15,0.85,0.25,0.35,0.65,0.4,0.6,0.3,0.4,0.3,0.1,0.05
2023-09-05,2541.0,2620.0,2513.0,2552.0,372915146.0,0.15,0.85,0.25,0.35,0.55,0.15,0.6,0.3,0.4,0.25,0.05,0.1
2023-09-09,2530.0,2539.0,2425.0,2454.0,268588929.0,-0.15,0.85,0.1,0.35,0.65,0.25,0.55,0.45,0.2,0.15,-0.05,-0.1
2023-09-10,0.0,2480.0,2395.0,2444.0,141911501.0,0.1,0.9,0.2,0.3,0.7,0.4,0.6,0.5,0.4,0.3,0.1,0.2
2023-09-11,2422.0,2489.0,2422.0,2450.0,162860175.0,0.15,0.85,0.25,0.35,0.65,0.4,0.6,0.45,0.4,0.3,0.05,0.1
2023-09-12,2439.0,2519.0,2439.0,2494.0,195191356.0,0.45,0.85,0.55,0.25,0.7,0.4,0.6,0.3,0.5,0.4,0.2,0.3
2023-09-13,2521.0,2570.0,2490.0,2522.0,165712130.0,0.12,0.85,0.25,0.35,0.55,0.4,0.6,0.3,0.45,0.35,0.15,0.2
